{
"lengthUnit": "mil",
"components": {
	"fields": ["COMPONENT_NO", "COMPONENT_NAME", "LAYER", "X_COORDINATE", "Y_COORDINATE", "ANGLE"],
	"rows": [
		[1, "C1", "T", 1095.41, 299.84, 90],
		[2, "C2", "T", 1189.15, 301.1, 90],
		[3, "C3", "B", 980, 114.84, 270],
		[4, "C4", "B", 844.37, 114.84, 270],
		[5, "C5", "T", 922.72, 204.17, 270],
		[6, "C6", "B", 720, 114.84, 270],
		[7, "C7", "B", 571.89, 70.47, 0],
		[8, "C8", "T", 603.83, 204.17, 90],
		[9, "H1", "B", 275, 1110, 0],
		[10, "H2", "B", 830, 1110, 0],
		[11, "H3", "T", 1003.94, 645.67, 270],
		[12, "Q1", "T", 775.59, 960.63, 0],
		[13, "R1", "T", 818.47, 209.63, 270],
		[14, "R2", "T", 709.23, 209.63, 90],
		[15, "R3", "B", 212, 74.73, 0],
		[16, "R4", "T", 149.08, 966.73, 180],
		[17, "R5", "T", 302.18, 966.73, 180],
		[18, "R6", "T", 528.65, 966.73, 0],
		[19, "R7", "T", 795.28, 783.47, 90],
		[20, "SW1", "T", 334.65, 206.5, 90],
		[21, "SW2", "T", 175, 206.5, 90],
		[22, "U1", "B", 1205, 230, 90],
		[23, "U2", "B", 373.47, 514.97, 90]
	]
},
"pins": {
	"fields": ["PIN_NO", "PIN_NAME", "PIN_X", "PIN_Y", "LAYER", "PIN_TYPE", "NET_NAME", "NET_TYPE", "PAD_SHAPE", "PAD_SIZEX", "PAD_SIZEY", "HOLE_SIZE", "PAD_ANGLE"],
	"rows": [
		[1, "C1_1", 1095.41, 260.47, "T", "SMD", "GND", "GND", "R", 55.51, 53.15, 0, 90],
		[2, "C1_2", 1095.41, 339.21, "T", "SMD", "+5V", "", "R", 55.51, 53.15, 0, 90],
		[3, "C2_1", 1189.15, 261.73, "T", "SMD", "GND", "GND", "R", 55.51, 53.15, 0, 90],
		[4, "C2_2", 1189.15, 340.47, "T", "SMD", "+5V", "", "R", 55.51, 53.15, 0, 90],
		[5, "C3_1", 980, 154.21, "B", "SMD", "GND", "GND", "R", 55.51, 53.15, 0, 270],
		[6, "C3_2", 980, 75.47, "B", "SMD", "3V3", "", "R", 55.51, 53.15, 0, 270],
		[7, "C4_1", 844.37, 154.21, "B", "SMD", "GND", "GND", "R", 55.51, 53.15, 0, 270],
		[8, "C4_2", 844.37, 75.47, "B", "SMD", "3V3", "", "R", 55.51, 53.15, 0, 270],
		[9, "C5_1", 922.72, 243.54, "T", "SMD", "$1N5982", "", "R", 55.51, 53.15, 0, 270],
		[10, "C5_2", 922.72, 164.8, "T", "SMD", "GND", "GND", "R", 55.51, 53.15, 0, 270],
		[11, "C6_1", 720, 154.21, "B", "SMD", "GND", "GND", "R", 55.51, 53.15, 0, 270],
		[12, "C6_2", 720, 75.47, "B", "SMD", "3V3", "", "R", 55.51, 53.15, 0, 270],
		[13, "C7_1", 532.52, 70.47, "B", "SMD", "GND", "GND", "R", 55.51, 53.15, 0, 0],
		[14, "C7_2", 611.26, 70.47, "B", "SMD", "3V3", "", "R", 55.51, 53.15, 0, 0],
		[15, "C8_1", 603.83, 164.8, "T", "SMD", "EN", "", "R", 55.51, 53.15, 0, 90],
		[16, "C8_2", 603.83, 243.54, "T", "SMD", "GND", "GND", "R", 55.51, 53.15, 0, 90],
		[17, "H1_1", 125, 1110, "T", "DIP", "3V3", "", "R", 66.93, 66.93, 43.31, 0],
		[18, "H1_1", 125, 1110, "B", "DIP", "3V3", "", "R", 66.93, 66.93, 43.31, 0],
		[19, "H1_2", 225, 1110, "T", "DIP", "P_RX", "", "C", 66.93, 66.93, 43.31, 0],
		[20, "H1_2", 225, 1110, "B", "DIP", "P_RX", "", "C", 66.93, 66.93, 43.31, 0],
		[21, "H1_3", 325, 1110, "T", "DIP", "P_TX", "", "C", 66.93, 66.93, 43.31, 0],
		[22, "H1_3", 325, 1110, "B", "DIP", "P_TX", "", "C", 66.93, 66.93, 43.31, 0],
		[23, "H1_4", 425, 1110, "T", "DIP", "GND", "GND", "C", 66.93, 66.93, 43.31, 0],
		[24, "H1_4", 425, 1110, "B", "DIP", "GND", "GND", "C", 66.93, 66.93, 43.31, 0],
		[25, "H2_1", 630, 1110, "T", "DIP", "3V3", "", "R", 66.93, 66.93, 43.31, 0],
		[26, "H2_1", 630, 1110, "B", "DIP", "3V3", "", "R", 66.93, 66.93, 43.31, 0],
		[27, "H2_2", 730, 1110, "T", "DIP", "$1N9354", "", "C", 66.93, 66.93, 43.31, 0],
		[28, "H2_2", 730, 1110, "B", "DIP", "$1N9354", "", "C", 66.93, 66.93, 43.31, 0],
		[29, "H2_3", 830, 1110, "T", "DIP", "OT1", "", "C", 66.93, 66.93, 43.31, 0],
		[30, "H2_3", 830, 1110, "B", "DIP", "OT1", "", "C", 66.93, 66.93, 43.31, 0],
		[31, "H2_4", 930, 1110, "T", "DIP", "RX", "", "C", 66.93, 66.93, 43.31, 0],
		[32, "H2_4", 930, 1110, "B", "DIP", "RX", "", "C", 66.93, 66.93, 43.31, 0],
		[33, "H2_5", 1030, 1110, "T", "DIP", "H2_5", "", "C", 66.93, 66.93, 43.31, 0],
		[34, "H2_5", 1030, 1110, "B", "DIP", "H2_5", "", "C", 66.93, 66.93, 43.31, 0],
		[35, "H3_1", 964.57, 842.52, "T", "DIP", "H3_1", "", "R", 55.12, 55.12, 31.5, 270],
		[36, "H3_1", 964.57, 842.52, "B", "DIP", "H3_1", "", "R", 55.12, 55.12, 31.5, 270],
		[37, "H3_2", 1043.31, 842.52, "T", "DIP", "H3_2", "", "C", 55.12, 55.12, 31.5, 270],
		[38, "H3_2", 1043.31, 842.52, "B", "DIP", "H3_2", "", "C", 55.12, 55.12, 31.5, 270],
		[39, "H3_3", 964.57, 763.78, "T", "DIP", "H3_3", "", "C", 55.12, 55.12, 31.5, 270],
		[40, "H3_3", 964.57, 763.78, "B", "DIP", "H3_3", "", "C", 55.12, 55.12, 31.5, 270],
		[41, "H3_4", 1043.31, 763.78, "T", "DIP", "H3_4", "", "C", 55.12, 55.12, 31.5, 270],
		[42, "H3_4", 1043.31, 763.78, "B", "DIP", "H3_4", "", "C", 55.12, 55.12, 31.5, 270],
		[43, "H3_5", 964.57, 685.04, "T", "DIP", "H3_5", "", "C", 55.12, 55.12, 31.5, 270],
		[44, "H3_5", 964.57, 685.04, "B", "DIP", "H3_5", "", "C", 55.12, 55.12, 31.5, 270],
		[45, "H3_6", 1043.31, 685.04, "T", "DIP", "SCL", "", "C", 55.12, 55.12, 31.5, 270],
		[46, "H3_6", 1043.31, 685.04, "B", "DIP", "SCL", "", "C", 55.12, 55.12, 31.5, 270],
		[47, "H3_7", 964.57, 606.3, "T", "DIP", "GND", "GND", "C", 55.12, 55.12, 31.5, 270],
		[48, "H3_7", 964.57, 606.3, "B", "DIP", "GND", "GND", "C", 55.12, 55.12, 31.5, 270],
		[49, "H3_8", 1043.31, 606.3, "T", "DIP", "GND", "GND", "C", 55.12, 55.12, 31.5, 270],
		[50, "H3_8", 1043.31, 606.3, "B", "DIP", "GND", "GND", "C", 55.12, 55.12, 31.5, 270],
		[51, "H3_9", 964.57, 527.56, "T", "DIP", "H3_9", "", "C", 55.12, 55.12, 31.5, 270],
		[52, "H3_9", 964.57, 527.56, "B", "DIP", "H3_9", "", "C", 55.12, 55.12, 31.5, 270],
		[53, "H3_10", 1043.31, 527.56, "T", "DIP", "SDA", "", "C", 55.12, 55.12, 31.5, 270],
		[54, "H3_10", 1043.31, 527.56, "B", "DIP", "SDA", "", "C", 55.12, 55.12, 31.5, 270],
		[55, "H3_11", 964.57, 448.82, "T", "DIP", "+5V", "", "C", 55.12, 55.12, 31.5, 270],
		[56, "H3_11", 964.57, 448.82, "B", "DIP", "+5V", "", "C", 55.12, 55.12, 31.5, 270],
		[57, "H3_12", 1043.31, 448.82, "T", "DIP", "H3_12", "", "C", 55.12, 55.12, 31.5, 270],
		[58, "H3_12", 1043.31, 448.82, "B", "DIP", "H3_12", "", "C", 55.12, 55.12, 31.5, 270],
		[59, "Q1_1", 820.87, 923.23, "T", "SMD", "$1N8776", "", "R", 39.37, 31.5, 0, 180],
		[60, "Q1_2", 820.87, 998.03, "T", "SMD", "GND", "GND", "R", 39.37, 31.5, 0, 180],
		[61, "Q1_3", 730.31, 960.63, "T", "SMD", "$1N9354", "", "R", 39.37, 31.5, 0, 180],
		[62, "R1_1", 818.47, 249, "T", "SMD", "$1N5982", "", "R", 44.59, 54.21, 0, 270],
		[63, "R1_2", 818.47, 170.26, "T", "SMD", "EN", "", "R", 44.59, 54.21, 0, 270],
		[64, "R2_1", 709.23, 170.26, "T", "SMD", "EN", "", "R", 44.59, 54.21, 0, 90],
		[65, "R2_2", 709.23, 249, "T", "SMD", "3V3", "", "R", 44.59, 54.21, 0, 90],
		[66, "R3_1", 172.62, 74.73, "B", "SMD", "3V3", "", "R", 44.59, 54.21, 0, 0],
		[67, "R3_2", 251.37, 74.73, "B", "SMD", "$1N3801", "", "R", 44.59, 54.21, 0, 0],
		[68, "R4_1", 188.45, 966.73, "T", "SMD", "P_RX", "", "R", 44.59, 54.21, 0, 180],
		[69, "R4_2", 109.71, 966.73, "T", "SMD", "$1N3610", "", "R", 44.59, 54.21, 0, 180],
		[70, "R5_1", 341.55, 966.73, "T", "SMD", "P_TX", "", "R", 44.59, 54.21, 0, 180],
		[71, "R5_2", 262.81, 966.73, "T", "SMD", "$1N3615", "", "R", 44.59, 54.21, 0, 180],
		[72, "R6_1", 489.28, 966.73, "T", "SMD", "$1N3898", "", "R", 44.59, 54.21, 0, 0],
		[73, "R6_2", 568.02, 966.73, "T", "SMD", "3V3", "", "R", 44.59, 54.21, 0, 0],
		[74, "R7_1", 795.28, 744.1, "T", "SMD", "LD_PW", "", "R", 44.59, 54.21, 0, 90],
		[75, "R7_2", 795.28, 822.84, "T", "SMD", "$1N8776", "", "R", 44.59, 54.21, 0, 90],
		[76, "SW1_1", 334.65, 126.38, "T", "SMD", "GND", "GND", "R", 60.24, 53.54, 0, 90],
		[77, "SW1_2", 334.65, 286.62, "T", "SMD", "$1N5982", "", "R", 60.24, 53.54, 0, 90],
		[78, "SW2_1", 175, 126.38, "T", "SMD", "GND", "GND", "R", 60.24, 53.54, 0, 90],
		[79, "SW2_2", 175, 286.62, "T", "SMD", "BOOT", "", "R", 60.24, 53.54, 0, 90],
		[80, "U1_1", 1114.45, 341.61, "B", "SMD", "GND", "GND", "R", 97.24, 38.58, 0, 90],
		[81, "U1_2", 1205, 341.61, "B", "SMD", "3V3", "", "R", 97.24, 38.58, 0, 90],
		[82, "U1_3", 1295.55, 341.61, "B", "SMD", "+5V", "", "R", 97.24, 38.58, 0, 90],
		[83, "U1_4", 1205, 118.39, "B", "SMD", "3V3", "", "R", 97.24, 141.73, 0, 90],
		[84, "U2_1", 609.69, 164.58, "B", "SMD", "3V3", "", "R", 35.43, 59.05, 0, 0],
		[85, "U2_2", 550.64, 164.58, "B", "SMD", "EN", "", "R", 35.43, 59.05, 0, 0],
		[86, "U2_3", 491.58, 164.58, "B", "SMD", "SDA", "", "R", 35.43, 59.05, 0, 0],
		[87, "U2_4", 432.53, 164.58, "B", "SMD", "SCL", "", "R", 35.43, 59.05, 0, 0],
		[88, "U2_5", 373.47, 164.58, "B", "SMD", "U2_5", "", "R", 35.43, 59.05, 0, 0],
		[89, "U2_6", 314.42, 164.58, "B", "SMD", "U2_6", "", "R", 35.43, 59.05, 0, 0],
		[90, "U2_7", 255.36, 164.58, "B", "SMD", "$1N3801", "", "R", 35.43, 59.05, 0, 0],
		[91, "U2_8", 196.31, 164.58, "B", "SMD", "BOOT", "", "R", 35.43, 59.05, 0, 0],
		[92, "U2_9", 137.25, 164.58, "B", "SMD", "GND", "GND", "R", 35.43, 59.05, 0, 0],
		[93, "U2_10", 137.25, 865.37, "B", "SMD", "U2_10", "", "R", 35.43, 59.05, 0, 0],
		[94, "U2_11", 196.3, 865.37, "B", "SMD", "$1N3610", "", "R", 35.43, 59.05, 0, 0],
		[95, "U2_12", 255.36, 865.37, "B", "SMD", "$1N3615", "", "R", 35.43, 59.05, 0, 0],
		[96, "U2_13", 314.41, 865.37, "B", "SMD", "U2_13", "", "R", 35.43, 59.05, 0, 0],
		[97, "U2_14", 373.47, 865.37, "B", "SMD", "U2_14", "", "R", 35.43, 59.05, 0, 0],
		[98, "U2_15", 432.52, 865.37, "B", "SMD", "LD_PW", "", "R", 35.43, 59.05, 0, 0],
		[99, "U2_16", 491.58, 865.37, "B", "SMD", "$1N3898", "", "R", 35.43, 59.05, 0, 0],
		[100, "U2_17", 550.63, 865.37, "B", "SMD", "OT1", "", "R", 35.43, 59.05, 0, 0],
		[101, "U2_18", 609.69, 865.37, "B", "SMD", "RX", "", "R", 35.43, 59.05, 0, 0],
		[102, "U2_19", 408.91, 596.06, "B", "SMD", "GND", "GND", "R", 27.56, 27.56, 0, 0],
		[103, "U2_20", 408.9, 552.76, "B", "SMD", "GND", "GND", "R", 27.56, 27.56, 0, 0],
		[104, "U2_21", 408.9, 509.45, "B", "SMD", "GND", "GND", "R", 27.56, 27.56, 0, 0],
		[105, "U2_22", 365.6, 509.45, "B", "SMD", "GND", "GND", "R", 27.56, 27.56, 0, 0],
		[106, "U2_23", 365.6, 552.76, "B", "SMD", "GND", "GND", "R", 27.56, 27.56, 0, 0],
		[107, "U2_24", 365.6, 596.06, "B", "SMD", "GND", "GND", "R", 27.56, 27.56, 0, 0],
		[108, "U2_25", 322.29, 596.06, "B", "SMD", "GND", "GND", "R", 27.56, 27.56, 0, 0],
		[109, "U2_26", 322.29, 552.76, "B", "SMD", "GND", "GND", "R", 27.56, 27.56, 0, 0],
		[110, "U2_27", 322.29, 509.45, "B", "SMD", "GND", "GND", "R", 27.56, 27.56, 0, 0]
	]
}
}